addr,country,province,city,isp
34.120.54.55,CLOUD.GOOGLE.COM,CLOUD.GOOGLE.COM,,cloud.google.com
34.92.187.216,中国,香港,,cloud.google.com
35.182.226.236,加拿大,魁北克省,蒙特利尔,amazon.com
40.177.65.8,加拿大,艾伯塔省,卡尔加里,amazon.com
216.9.224.114,土耳其,伊斯坦布尔省,伊斯坦布尔,dchost.com
94.237.93.201,德国,黑森州,法兰克福,upcloud.com
3.75.170.179,德国,黑森州,法兰克福,amazon.com
128.199.245.50,新加坡,新加坡,,digitalocean.com
104.43.91.69,新加坡,新加坡,,microsoft.com
149.28.159.222,新加坡,新加坡,,choopa.com
159.223.43.140,新加坡,新加坡,,digitalocean.com
157.245.203.177,新加坡,新加坡,,digitalocean.com
178.128.26.136,新加坡,新加坡,,digitalocean.com
43.133.61.219,新加坡,新加坡,,tencent.com
167.99.73.22,新加坡,新加坡,,digitalocean.com
138.2.64.229,新加坡,新加坡,,oracle.com
129.226.150.167,新加坡,新加坡,,tencent.com
47.74.157.194,新加坡,新加坡,,阿里云
178.128.80.43,新加坡,新加坡,,digitalocean.com
104.248.145.216,新加坡,新加坡,,digitalocean.com
52.76.194.79,新加坡,新加坡,,amazon.com
188.166.230.196,新加坡,新加坡,,digitalocean.com
34.143.159.175,新加坡,新加坡,,cloud.google.com
172.104.53.25,新加坡,新加坡,,linode.com
4.194.113.191,新加坡,新加坡,,microsoft.com
157.230.244.86,新加坡,新加坡,,digitalocean.com
178.128.86.3,新加坡,新加坡,,digitalocean.com
103.241.62.245,新加坡,新加坡,,myrepublic.net
43.156.116.194,新加坡,新加坡,,tencent.com
45.76.178.18,新加坡,新加坡,,choopa.com
43.134.174.114,新加坡,新加坡,,tencent.com
167.71.192.89,新加坡,新加坡,,digitalocean.com
8.219.1.88,新加坡,新加坡,,阿里云
206.189.157.20,新加坡,新加坡,,digitalocean.com
64.235.43.213,新加坡,新加坡,,serverpoint.com
139.180.140.39,新加坡,新加坡,,choopa.com
8.222.155.206,新加坡,新加坡,,阿里云
45.32.123.219,新加坡,新加坡,,choopa.com
172.104.186.30,新加坡,新加坡,,linode.com
213.170.157.1,新西兰,新西兰,,
138.2.10.49,日本,东京都,东京,oracle.com
141.147.161.250,日本,东京都,东京,oracle.com
168.138.201.0,日本,东京都,东京,oracle.com
168.138.219.157,日本,东京都,东京,oracle.com
131.186.62.248,日本,东京都,东京,oracle.com
161.118.213.45,日本,日本,,nifty.com
138.3.223.174,日本,东京都,东京,oracle.com
172.105.192.254,日本,东京都,东京,linode.com
34.22.190.30,比利时,瓦隆大区,圣吉斯兰,cloud.google.com
35.241.172.224,比利时,瓦隆大区,圣吉斯兰,cloud.google.com
35.210.99.51,比利时,瓦隆大区,圣吉斯兰,cloud.google.com
57.129.47.52,法国,法国,,ovh.com
52.47.142.5,法国,法兰西岛大区,巴黎,amazon.com
213.165.88.177,法国,大东部大区,涅代尔洛泰尔巴克,ionos.com
178.236.253.23,波兰,波兰,,pranet.ru
217.142.185.111,瑞典,瑞典,,oracle.com
38.180.146.215,美国,美国,,cogentco.com
74.48.140.177,美国,加利福尼亚州,洛杉矶,telus.com
45.61.166.121,美国,德克萨斯州,达拉斯,buyvm.net
74.48.66.211,美国,加利福尼亚州,洛杉矶,telus.com
207.246.97.82,美国,加利福尼亚州,洛杉矶,choopa.com
207.246.98.244,美国,加利福尼亚州,洛杉矶,choopa.com
91.236.230.121,美国,加利福尼亚州,洛杉矶,vplab.ltd
104.207.155.167,美国,加利福尼亚州,洛杉矶,choopa.com
107.174.121.122,美国,德克萨斯州,达拉斯,colocrossing.com
207.246.97.191,美国,加利福尼亚州,洛杉矶,choopa.com
34.94.2.102,美国,加利福尼亚州,洛杉矶,cloud.google.com
172.245.182.112,美国,纽约州,布法罗,colocrossing.com
18.222.50.18,美国,俄亥俄州,都柏林,amazon.com
54.151.41.196,美国,加利福尼亚州,旧金山,amazon.com
66.85.139.204,美国,亚利桑那州,凤凰城,phoenixnap.com
34.212.240.129,美国,俄勒冈州,波特兰,amazon.com
18.216.55.100,美国,俄亥俄州,都柏林,amazon.com
184.169.181.217,美国,加利福尼亚州,旧金山,amazon.com
5.78.84.126,美国,俄勒冈州,波特兰,hetzner.com
104.238.180.123,美国,加利福尼亚州,圣克拉拉,choopa.com
45.77.189.201,美国,加利福尼亚州,圣克拉拉,choopa.com
144.202.108.119,美国,加利福尼亚州,圣克拉拉,choopa.com
34.83.245.149,美国,俄勒冈州,达尔斯,cloud.google.com
35.247.124.181,美国,俄勒冈州,达尔斯,cloud.google.com
45.77.187.96,美国,加利福尼亚州,圣克拉拉,choopa.com
174.137.61.42,美国,加利福尼亚州,费利蒙,it7.net
34.82.76.253,美国,俄勒冈州,达尔斯,cloud.google.com
139.60.162.153,美国,纽约州,加登城,hostkey.com
44.209.52.7,美国,弗吉尼亚州,阿什本,amazon.com
34.105.49.234,美国,俄勒冈州,达尔斯,cloud.google.com
172.93.231.224,美国,纽约州,布法罗,nexeon.com
63.205.203.251,美国,加利福尼亚州,圣布鲁诺,att.com
23.95.113.61,美国,纽约州,布法罗,colocrossing.com
172.174.11.248,美国,弗吉尼亚州,斯特灵,microsoft.com
46.17.107.199,美国,纽约州,加登城,
104.131.81.68,美国,新泽西州,克利夫顿,digitalocean.com
172.96.188.117,美国,纽约州,纽约,hawkhost.com
167.172.144.48,美国,新泽西州,北伯根,digitalocean.com
149.28.56.202,美国,新泽西州,皮斯卡特维,choopa.com
159.203.150.39,美国,新泽西州,克利夫顿,digitalocean.com
208.167.245.42,美国,新泽西州,皮斯卡特维,choopa.com
198.199.86.20,美国,新泽西州,北伯根,digitalocean.com
107.170.70.76,美国,纽约州,纽约,digitalocean.com
149.28.218.198,美国,加利福尼亚州,圣克拉拉,choopa.com
159.203.102.248,美国,新泽西州,克利夫顿,digitalocean.com
66.135.5.63,美国,新泽西州,皮斯卡特维,choopa.com
80.92.205.213,美国,新泽西州,锡考克斯,pq.hosting
206.189.199.115,美国,新泽西州,北伯根,digitalocean.com
107.172.190.151,美国,纽约州,布法罗,colocrossing.com
45.8.146.161,美国,新泽西州,锡考克斯,virty.io
103.35.189.59,美国,新泽西州,锡考克斯,pq.hosting
159.89.91.17,美国,新泽西州,北伯根,digitalocean.com
167.99.58.113,美国,新泽西州,克利夫顿,digitalocean.com
94.131.101.135,美国,新泽西州,锡考克斯,netassist.ua
162.243.115.23,美国,纽约州,纽约,digitalocean.com
192.3.81.143,美国,纽约州,布法罗,colocrossing.com
23.95.193.203,美国,纽约州,布法罗,colocrossing.com
5.181.171.10,美国,纽约州,史泰登岛,
107.172.146.13,美国,纽约州,布法罗,colocrossing.com
198.23.137.166,美国,纽约州,布法罗,colocrossing.com
5.181.171.2,美国,纽约州,史泰登岛,
213.232.123.10,美国,纽约州,史泰登岛,
141.98.168.164,美国,新泽西州,锡考克斯,virty.io
45.83.140.160,美国,新泽西州,锡考克斯,lvnet.lv
103.35.189.55,美国,新泽西州,锡考克斯,pq.hosting
162.243.230.145,美国,纽约州,纽约,digitalocean.com
103.35.189.48,美国,新泽西州,锡考克斯,pq.hosting
107.175.209.226,美国,纽约州,布法罗,colocrossing.com
107.173.236.223,美国,纽约州,布法罗,colocrossing.com
198.23.223.245,美国,纽约州,布法罗,colocrossing.com
172.245.5.195,美国,纽约州,布法罗,colocrossing.com
104.168.56.73,美国,纽约州,布法罗,colocrossing.com
38.89.86.82,美国,美国,,cogentco.com
198.46.143.134,美国,纽约州,布法罗,colocrossing.com
172.245.111.196,美国,纽约州,布法罗,colocrossing.com
192.210.133.140,美国,纽约州,布法罗,colocrossing.com
104.168.4.51,美国,纽约州,布法罗,colocrossing.com
192.3.180.180,美国,纽约州,布法罗,colocrossing.com
172.245.168.175,美国,纽约州,布法罗,colocrossing.com
107.174.70.130,美国,纽约州,布法罗,colocrossing.com
107.173.250.236,美国,纽约州,布法罗,colocrossing.com
143.198.31.221,美国,新泽西州,克利夫顿,digitalocean.com
192.3.1.218,美国,纽约州,布法罗,colocrossing.com
46.17.107.183,美国,纽约州,加登城,
66.245.196.42,美国,新泽西州,皮斯卡特维,choopa.com
172.236.30.225,美国,美国,,linode.com
198.199.84.192,美国,新泽西州,北伯根,digitalocean.com
142.171.140.152,美国,加利福尼亚州,洛杉矶,telus.com
47.82.155.79,美国,美国,,阿里云
152.42.195.241,美国,美国,,digitalocean.com
140.245.33.236,美国,美国,,oracle.com
152.42.162.99,美国,美国,,digitalocean.com
34.158.60.217,美国,美国,,cloud.google.com
140.245.113.176,美国,美国,,oracle.com
23.95.140.112,美国,纽约州,布法罗,colocrossing.com
74.48.157.173,美国,加利福尼亚州,洛杉矶,telus.com
193.32.177.101,芬兰,新地区,赫尔辛基,pev-it.ru
172.208.36.45,英国,英国,,microsoft.com
18.170.77.148,英国,伦敦,,amazon.com
18.133.198.66,英国,伦敦,,amazon.com
18.171.185.14,英国,伦敦,,amazon.com
35.176.187.206,英国,伦敦,,amazon.com
213.1.145.50,英国,英国,,bt.com
45.133.118.153,荷兰,北荷兰省,阿姆斯特丹,
205.198.72.53,菲律宾,马尼拉都会区,马尼拉,cogentco.com
34.175.202.195,西班牙,马德里自治区,马德里,cloud.google.com
146.56.191.136,韩国,首尔,,oracle.com
146.56.102.118,韩国,江原道,春川市,oracle.com
129.154.50.159,韩国,江原道,春川市,oracle.com
